participant,item,prime,communication,Response
1,E05,A,audio_call,0
1,E07,A,audio_call,0
1,E16,A,audio_call,NA
1,E20,A,audio_call,0
1,E29,A,audio_call,1
1,E33,A,audio_call,0
2,E06,A,audio_call,1
2,E11,A,audio_call,1
2,E14,A,audio_call,1
2,E19,A,audio_call,1
2,E30,A,audio_call,1
2,E35,A,audio_call,1
3,E02,A,audio_call,1
3,E12,A,audio_call,0
3,E17,A,audio_call,0
3,E21,A,audio_call,1
3,E28,A,audio_call,NA
3,E32,A,audio_call,1
4,E01,A,audio_call,0
4,E10,A,audio_call,1
4,E15,A,audio_call,1
4,E23,A,audio_call,1
4,E26,A,audio_call,1
4,E34,A,audio_call,1
5,E04,A,audio_call,1
5,E09,A,audio_call,0
5,E18,A,audio_call,1
5,E22,A,audio_call,1
5,E27,A,audio_call,1
5,E31,A,audio_call,0
6,E03,A,audio_call,0
6,E08,A,audio_call,1
6,E13,A,audio_call,0
6,E24,A,audio_call,1
6,E25,A,audio_call,1
6,E36,A,audio_call,1
7,E01,A,audio_call,1
7,E10,A,audio_call,0
7,E15,A,audio_call,0
7,E23,A,audio_call,0
7,E26,A,audio_call,0
7,E34,A,audio_call,1
8,E03,A,audio_call,0
8,E08,A,audio_call,0
8,E13,A,audio_call,1
8,E24,A,audio_call,1
8,E25,A,audio_call,0
8,E36,A,audio_call,1
9,E05,A,audio_call,1
9,E07,A,audio_call,0
9,E16,A,audio_call,1
9,E20,A,audio_call,0
9,E29,A,audio_call,1
9,E33,A,audio_call,1
10,E01,A,audio_call,0
10,E10,A,audio_call,0
10,E15,A,audio_call,0
10,E23,A,audio_call,0
10,E26,A,audio_call,0
10,E34,A,audio_call,0
11,E06,A,audio_call,1
11,E11,A,audio_call,1
11,E14,A,audio_call,1
11,E19,A,audio_call,0
63,E03,A,audio_call,NA
11,E30,A,audio_call,1
11,E35,A,audio_call,1
12,E04,A,audio_call,NA
12,E09,A,audio_call,1
12,E18,A,audio_call,0
12,E22,A,audio_call,1
12,E27,A,audio_call,1
12,E31,A,audio_call,1
13,E02,A,audio_call,0
13,E12,A,audio_call,0
13,E17,A,audio_call,0
13,E21,A,audio_call,0
13,E28,A,audio_call,1
13,E32,A,audio_call,0
14,E05,A,audio_call,1
14,E07,A,audio_call,0
14,E16,A,audio_call,1
14,E20,A,audio_call,1
14,E29,A,audio_call,1
14,E33,A,audio_call,1
15,E05,A,audio_call,NA
15,E07,A,audio_call,1
15,E16,A,audio_call,1
15,E20,A,audio_call,1
15,E29,A,audio_call,1
15,E33,A,audio_call,1
16,E04,A,audio_call,0
16,E09,A,audio_call,0
16,E18,A,audio_call,1
16,E22,A,audio_call,1
16,E27,A,audio_call,1
16,E31,A,audio_call,NA
17,E01,A,audio_call,0
17,E10,A,audio_call,1
17,E15,A,audio_call,1
17,E23,A,audio_call,1
17,E26,A,audio_call,1
17,E34,A,audio_call,1
67,E03,A,audio_call,NA
18,E03,A,audio_call,0
18,E08,A,audio_call,0
18,E13,A,audio_call,0
18,E24,A,audio_call,0
18,E25,A,audio_call,0
18,E36,A,audio_call,0
19,E05,A,audio_call,0
19,E07,A,audio_call,0
19,E16,A,audio_call,0
19,E20,A,audio_call,1
19,E29,A,audio_call,0
19,E33,A,audio_call,0
20,E06,A,audio_call,1
20,E11,A,audio_call,1
20,E14,A,audio_call,1
20,E30,A,audio_call,1
20,E35,A,audio_call,NA
21,E02,A,audio_call,1
21,E12,A,audio_call,0
21,E17,A,audio_call,1
21,E21,A,audio_call,0
21,E28,A,audio_call,1
21,E32,A,audio_call,1
22,E03,A,audio_call,1
22,E08,A,audio_call,1
22,E13,A,audio_call,1
22,E24,A,audio_call,0
22,E25,A,audio_call,1
22,E36,A,audio_call,1
23,E01,A,audio_call,0
23,E10,A,audio_call,1
23,E15,A,audio_call,0
23,E23,A,audio_call,NA
23,E26,A,audio_call,1
23,E34,A,audio_call,1
24,E04,A,audio_call,0
24,E09,A,audio_call,NA
24,E22,A,audio_call,NA
61,E05,A,audio_call,NA
24,E27,A,audio_call,1
24,E31,A,audio_call,1
45,E07,A,audio_call,NA
67,E08,A,audio_call,NA
25,E02,A,audio_call,0
25,E12,A,audio_call,1
25,E17,A,audio_call,1
25,E21,A,audio_call,0
25,E28,A,audio_call,1
25,E32,A,audio_call,1
26,E03,A,audio_call,0
26,E08,A,audio_call,0
26,E13,A,audio_call,0
26,E24,A,audio_call,0
26,E25,A,audio_call,0
26,E36,A,audio_call,0
27,E06,A,audio_call,1
27,E11,A,audio_call,1
27,E14,A,audio_call,1
27,E19,A,audio_call,1
27,E30,A,audio_call,1
27,E35,A,audio_call,1
28,E01,A,audio_call,0
28,E10,A,audio_call,1
28,E15,A,audio_call,1
28,E23,A,audio_call,1
28,E26,A,audio_call,1
28,E34,A,audio_call,1
29,E05,A,audio_call,1
29,E07,A,audio_call,0
29,E16,A,audio_call,1
29,E20,A,audio_call,1
29,E29,A,audio_call,1
29,E33,A,audio_call,0
30,E04,A,audio_call,1
30,E09,A,audio_call,1
57,E09,A,audio_call,NA
30,E18,A,audio_call,1
30,E22,A,audio_call,1
30,E27,A,audio_call,1
30,E31,A,audio_call,1
31,E05,A,audio_call,1
31,E07,A,audio_call,0
31,E16,A,audio_call,0
31,E20,A,audio_call,1
31,E29,A,audio_call,0
31,E33,A,audio_call,1
32,E06,A,audio_call,0
32,E11,A,audio_call,1
32,E14,A,audio_call,1
32,E19,A,audio_call,1
32,E30,A,audio_call,1
41,E13,A,audio_call,NA
32,E35,A,audio_call,NA
33,E03,A,audio_call,0
33,E08,A,audio_call,1
33,E13,A,audio_call,0
45,E16,A,audio_call,NA
33,E24,A,audio_call,0
33,E25,A,audio_call,1
33,E36,A,audio_call,0
34,E04,A,audio_call,1
34,E09,A,audio_call,NA
34,E18,A,audio_call,1
34,E27,A,audio_call,1
34,E31,A,audio_call,1
24,E18,A,audio_call,NA
38,E18,A,audio_call,NA
35,E01,A,audio_call,1
20,E19,A,audio_call,NA
35,E10,A,audio_call,1
35,E15,A,audio_call,1
35,E23,A,audio_call,1
35,E26,A,audio_call,1
35,E34,A,audio_call,0
59,E20,A,audio_call,NA
36,E02,A,audio_call,0
36,E12,A,audio_call,1
36,E17,A,audio_call,1
36,E21,A,audio_call,0
36,E28,A,audio_call,0
36,E32,A,audio_call,0
34,E22,A,audio_call,NA
37,E02,A,audio_call,1
37,E12,A,audio_call,1
37,E17,A,audio_call,0
37,E21,A,audio_call,0
37,E28,A,audio_call,1
37,E32,A,audio_call,1
38,E04,A,audio_call,0
38,E09,A,audio_call,NA
38,E22,A,audio_call,0
38,E27,A,audio_call,0
38,E31,A,audio_call,0
39,E01,A,audio_call,0
39,E10,A,audio_call,0
39,E15,A,audio_call,0
39,E23,A,audio_call,0
39,E26,A,audio_call,0
39,E34,A,audio_call,0
40,E06,A,audio_call,1
40,E11,A,audio_call,1
40,E14,A,audio_call,1
40,E19,A,audio_call,1
40,E35,A,audio_call,1
41,E03,A,audio_call,0
41,E08,A,audio_call,0
41,E24,A,audio_call,0
41,E25,A,audio_call,0
41,E36,A,audio_call,0
42,E03,A,audio_call,NA
42,E08,A,audio_call,1
42,E13,A,audio_call,1
42,E24,A,audio_call,1
42,E25,A,audio_call,1
42,E36,A,audio_call,1
43,E02,A,audio_call,1
43,E12,A,audio_call,1
43,E17,A,audio_call,1
43,E21,A,audio_call,NA
43,E28,A,audio_call,1
43,E32,A,audio_call,0
44,E01,A,audio_call,0
44,E10,A,audio_call,1
44,E15,A,audio_call,0
44,E23,A,audio_call,NA
44,E26,A,audio_call,NA
44,E34,A,audio_call,0
45,E05,A,audio_call,1
45,E20,A,audio_call,1
45,E29,A,audio_call,1
45,E33,A,audio_call,1
46,E04,A,audio_call,1
46,E09,A,audio_call,0
40,E30,A,audio_call,NA
46,E18,A,audio_call,1
46,E22,A,audio_call,1
46,E27,A,audio_call,1
46,E31,A,audio_call,1
47,E05,A,audio_call,1
47,E07,A,audio_call,0
47,E16,A,audio_call,1
47,E20,A,audio_call,0
47,E29,A,audio_call,1
47,E33,A,audio_call,1
48,E03,A,audio_call,NA
48,E08,A,audio_call,0
48,E13,A,audio_call,1
48,E24,A,audio_call,0
48,E25,A,audio_call,1
48,E36,A,audio_call,1
49,E01,A,audio_call,1
49,E10,A,audio_call,0
49,E15,A,audio_call,0
49,E23,A,audio_call,1
49,E26,A,audio_call,0
49,E34,A,audio_call,0
50,E04,A,audio_call,0
50,E09,A,audio_call,NA
50,E18,A,audio_call,1
50,E22,A,audio_call,1
50,E27,A,audio_call,1
50,E31,A,audio_call,1
51,E02,A,audio_call,1
51,E12,A,audio_call,0
51,E17,A,audio_call,0
51,E21,A,audio_call,1
51,E28,A,audio_call,1
51,E32,A,audio_call,0
52,E04,A,audio_call,0
52,E09,A,audio_call,1
52,E18,A,audio_call,1
52,E22,A,audio_call,1
52,E27,A,audio_call,1
52,E31,A,audio_call,1
53,E06,A,audio_call,1
53,E11,A,audio_call,1
53,E14,A,audio_call,1
53,E19,A,audio_call,1
53,E30,A,audio_call,0
53,E35,A,audio_call,1
54,E01,A,audio_call,0
54,E10,A,audio_call,0
54,E15,A,audio_call,1
54,E23,A,audio_call,1
54,E26,A,audio_call,0
54,E34,A,audio_call,NA
55,E02,A,audio_call,0
55,E12,A,audio_call,0
55,E17,A,audio_call,0
55,E21,A,audio_call,0
55,E28,A,audio_call,0
55,E32,A,audio_call,0
56,E03,A,audio_call,1
56,E08,A,audio_call,0
56,E13,A,audio_call,0
56,E24,A,audio_call,1
56,E25,A,audio_call,1
56,E36,A,audio_call,1
57,E04,A,audio_call,1
57,E18,A,audio_call,1
57,E22,A,audio_call,1
57,E27,A,audio_call,1
67,E36,A,audio_call,NA
57,E31,A,audio_call,1
58,E04,A,audio_call,0
58,E09,A,audio_call,NA
58,E18,A,audio_call,1
58,E22,A,audio_call,1
58,E27,A,audio_call,1
58,E31,A,audio_call,0
59,E05,A,audio_call,1
59,E07,A,audio_call,0
59,E16,A,audio_call,1
59,E29,A,audio_call,1
59,E33,A,audio_call,1
60,E06,A,audio_call,1
60,E11,A,audio_call,0
60,E14,A,audio_call,NA
60,E19,A,audio_call,0
60,E30,A,audio_call,1
60,E35,A,audio_call,0
61,E07,A,audio_call,0
61,E16,A,audio_call,NA
61,E20,A,audio_call,0
61,E29,A,audio_call,0
61,E33,A,audio_call,0
62,E06,A,audio_call,0
62,E11,A,audio_call,1
62,E14,A,audio_call,1
62,E19,A,audio_call,1
62,E30,A,audio_call,1
62,E35,A,audio_call,1
63,E08,A,audio_call,0
63,E13,A,audio_call,0
63,E24,A,audio_call,1
63,E25,A,audio_call,0
63,E36,A,audio_call,0
64,E02,A,audio_call,0
64,E12,A,audio_call,0
64,E17,A,audio_call,0
64,E21,A,audio_call,1
64,E28,A,audio_call,0
64,E32,A,audio_call,0
65,E06,A,audio_call,1
65,E11,A,audio_call,1
65,E14,A,audio_call,1
65,E19,A,audio_call,1
65,E30,A,audio_call,1
65,E35,A,audio_call,1
66,E06,A,audio_call,0
66,E11,A,audio_call,1
66,E14,A,audio_call,0
66,E19,A,audio_call,1
66,E30,A,audio_call,0
66,E35,A,audio_call,0
67,E13,A,audio_call,0
67,E24,A,audio_call,1
67,E25,A,audio_call,0
68,E02,A,audio_call,1
68,E12,A,audio_call,1
68,E17,A,audio_call,0
68,E21,A,audio_call,1
68,E28,A,audio_call,1
68,E32,A,audio_call,1
69,E06,A,audio_call,0
69,E11,A,audio_call,1
69,E14,A,audio_call,1
69,E19,A,audio_call,0
69,E30,A,audio_call,1
69,E35,A,audio_call,1
70,E05,A,audio_call,1
70,E07,A,audio_call,0
70,E16,A,audio_call,NA
70,E20,A,audio_call,1
70,E29,A,audio_call,1
70,E33,A,audio_call,1
71,E01,A,audio_call,0
71,E10,A,audio_call,0
71,E15,A,audio_call,1
71,E23,A,audio_call,0
71,E26,A,audio_call,0
71,E34,A,audio_call,0
72,E02,A,audio_call,0
72,E12,A,audio_call,0
72,E17,A,audio_call,0
72,E21,A,audio_call,0
72,E28,A,audio_call,0
72,E32,A,audio_call,1
1,E01,B,audio_call,0
1,E10,B,audio_call,1
1,E15,B,audio_call,1
1,E23,B,audio_call,0
1,E26,B,audio_call,1
1,E34,B,audio_call,1
2,E05,B,audio_call,1
2,E07,B,audio_call,1
2,E16,B,audio_call,1
2,E20,B,audio_call,1
2,E29,B,audio_call,1
2,E33,B,audio_call,1
3,E06,B,audio_call,0
3,E11,B,audio_call,1
3,E14,B,audio_call,0
3,E19,B,audio_call,1
3,E30,B,audio_call,1
3,E35,B,audio_call,1
4,E04,B,audio_call,0
4,E09,B,audio_call,NA
4,E18,B,audio_call,1
4,E27,B,audio_call,1
4,E31,B,audio_call,1
5,E03,B,audio_call,1
5,E08,B,audio_call,1
5,E13,B,audio_call,0
5,E24,B,audio_call,1
5,E25,B,audio_call,1
5,E36,B,audio_call,1
6,E02,B,audio_call,1
6,E17,B,audio_call,1
6,E21,B,audio_call,1
6,E28,B,audio_call,0
6,E32,B,audio_call,0
7,E04,B,audio_call,0
7,E09,B,audio_call,0
7,E18,B,audio_call,1
7,E22,B,audio_call,0
7,E27,B,audio_call,1
7,E31,B,audio_call,1
8,E02,B,audio_call,1
8,E12,B,audio_call,0
8,E17,B,audio_call,1
8,E21,B,audio_call,1
8,E28,B,audio_call,0
8,E32,B,audio_call,NA
9,E01,B,audio_call,1
9,E10,B,audio_call,1
9,E15,B,audio_call,0
9,E23,B,audio_call,NA
9,E26,B,audio_call,1
9,E34,B,audio_call,1
10,E04,B,audio_call,0
10,E09,B,audio_call,NA
10,E18,B,audio_call,0
10,E22,B,audio_call,1
10,E27,B,audio_call,1
10,E31,B,audio_call,0
11,E05,B,audio_call,1
11,E07,B,audio_call,1
11,E16,B,audio_call,1
11,E20,B,audio_call,1
11,E29,B,audio_call,1
11,E33,B,audio_call,1
12,E03,B,audio_call,1
12,E08,B,audio_call,0
12,E13,B,audio_call,0
12,E24,B,audio_call,1
12,E25,B,audio_call,1
12,E36,B,audio_call,1
13,E06,B,audio_call,0
13,E11,B,audio_call,1
13,E14,B,audio_call,0
13,E19,B,audio_call,1
13,E30,B,audio_call,0
13,E35,B,audio_call,1
14,E01,B,audio_call,0
14,E10,B,audio_call,1
14,E15,B,audio_call,0
14,E23,B,audio_call,1
14,E26,B,audio_call,0
14,E34,B,audio_call,1
15,E01,B,audio_call,0
15,E10,B,audio_call,1
15,E15,B,audio_call,1
15,E23,B,audio_call,1
15,E26,B,audio_call,1
15,E34,B,audio_call,1
16,E03,B,audio_call,1
16,E08,B,audio_call,0
16,E13,B,audio_call,0
16,E24,B,audio_call,1
16,E25,B,audio_call,1
16,E36,B,audio_call,1
17,E04,B,audio_call,0
17,E09,B,audio_call,1
17,E18,B,audio_call,1
17,E22,B,audio_call,1
17,E27,B,audio_call,1
17,E31,B,audio_call,0
18,E02,B,audio_call,0
18,E12,B,audio_call,0
24,E03,B,audio_call,NA
18,E17,B,audio_call,0
18,E21,B,audio_call,0
18,E28,B,audio_call,1
18,E32,B,audio_call,1
19,E01,B,audio_call,0
19,E10,B,audio_call,0
19,E15,B,audio_call,0
19,E23,B,audio_call,0
19,E26,B,audio_call,0
19,E34,B,audio_call,0
20,E05,B,audio_call,1
20,E07,B,audio_call,1
20,E16,B,audio_call,1
38,E03,B,audio_call,NA
20,E20,B,audio_call,1
52,E03,B,audio_call,NA
20,E29,B,audio_call,1
20,E33,B,audio_call,1
57,E03,B,audio_call,NA
58,E03,B,audio_call,NA
21,E06,B,audio_call,1
21,E11,B,audio_call,1
21,E14,B,audio_call,1
21,E19,B,audio_call,1
21,E30,B,audio_call,1
21,E35,B,audio_call,0
22,E02,B,audio_call,1
22,E12,B,audio_call,1
22,E17,B,audio_call,1
22,E21,B,audio_call,1
22,E28,B,audio_call,1
22,E32,B,audio_call,0
23,E04,B,audio_call,0
23,E09,B,audio_call,0
23,E18,B,audio_call,1
23,E22,B,audio_call,1
23,E27,B,audio_call,1
23,E31,B,audio_call,1
24,E13,B,audio_call,0
24,E25,B,audio_call,0
24,E08,B,audio_call,NA
38,E08,B,audio_call,NA
25,E06,B,audio_call,0
25,E11,B,audio_call,1
25,E14,B,audio_call,1
25,E19,B,audio_call,1
25,E30,B,audio_call,0
46,E08,B,audio_call,NA
25,E35,B,audio_call,0
26,E02,B,audio_call,1
26,E12,B,audio_call,0
26,E17,B,audio_call,1
26,E21,B,audio_call,0
26,E28,B,audio_call,0
26,E32,B,audio_call,0
27,E05,B,audio_call,1
27,E07,B,audio_call,0
27,E16,B,audio_call,NA
27,E20,B,audio_call,1
27,E29,B,audio_call,1
27,E33,B,audio_call,1
28,E04,B,audio_call,0
28,E09,B,audio_call,1
28,E18,B,audio_call,1
28,E22,B,audio_call,1
28,E27,B,audio_call,1
28,E31,B,audio_call,1
29,E01,B,audio_call,0
29,E10,B,audio_call,1
29,E15,B,audio_call,1
29,E23,B,audio_call,1
29,E26,B,audio_call,1
29,E34,B,audio_call,0
30,E03,B,audio_call,1
30,E08,B,audio_call,1
30,E13,B,audio_call,1
30,E24,B,audio_call,1
30,E25,B,audio_call,1
30,E36,B,audio_call,1
31,E01,B,audio_call,0
31,E10,B,audio_call,1
31,E15,B,audio_call,1
31,E23,B,audio_call,1
31,E26,B,audio_call,1
31,E34,B,audio_call,1
6,E12,B,audio_call,NA
32,E05,B,audio_call,1
32,E07,B,audio_call,1
32,E16,B,audio_call,1
32,E20,B,audio_call,1
32,E29,B,audio_call,1
33,E02,B,audio_call,0
33,E12,B,audio_call,0
33,E17,B,audio_call,0
33,E21,B,audio_call,1
33,E28,B,audio_call,0
33,E32,B,audio_call,0
34,E03,B,audio_call,1
34,E08,B,audio_call,0
34,E13,B,audio_call,0
34,E24,B,audio_call,1
34,E25,B,audio_call,1
34,E36,B,audio_call,0
35,E04,B,audio_call,1
35,E09,B,audio_call,1
35,E18,B,audio_call,1
35,E22,B,audio_call,1
35,E27,B,audio_call,1
35,E31,B,audio_call,1
36,E06,B,audio_call,0
36,E11,B,audio_call,1
36,E14,B,audio_call,0
36,E19,B,audio_call,NA
36,E30,B,audio_call,0
36,E35,B,audio_call,0
37,E06,B,audio_call,0
37,E11,B,audio_call,1
37,E14,B,audio_call,0
37,E19,B,audio_call,NA
37,E30,B,audio_call,1
37,E35,B,audio_call,1
4,E22,B,audio_call,NA
49,E22,B,audio_call,NA
38,E13,B,audio_call,0
38,E24,B,audio_call,0
38,E25,B,audio_call,0
24,E24,B,audio_call,NA
39,E04,B,audio_call,1
39,E09,B,audio_call,0
39,E18,B,audio_call,0
39,E22,B,audio_call,1
39,E27,B,audio_call,0
39,E31,B,audio_call,0
40,E05,B,audio_call,1
40,E07,B,audio_call,1
40,E16,B,audio_call,1
40,E20,B,audio_call,1
40,E29,B,audio_call,1
40,E33,B,audio_call,1
41,E02,B,audio_call,1
41,E12,B,audio_call,1
46,E25,B,audio_call,NA
41,E17,B,audio_call,0
41,E21,B,audio_call,0
41,E28,B,audio_call,0
41,E32,B,audio_call,0
42,E02,B,audio_call,0
42,E12,B,audio_call,0
42,E17,B,audio_call,0
42,E21,B,audio_call,1
42,E28,B,audio_call,0
42,E32,B,audio_call,1
43,E06,B,audio_call,1
43,E11,B,audio_call,1
43,E14,B,audio_call,0
43,E19,B,audio_call,0
43,E30,B,audio_call,1
43,E35,B,audio_call,1
44,E04,B,audio_call,0
44,E09,B,audio_call,1
44,E18,B,audio_call,1
44,E22,B,audio_call,1
44,E27,B,audio_call,1
44,E31,B,audio_call,1
45,E01,B,audio_call,1
45,E10,B,audio_call,NA
45,E15,B,audio_call,0
56,E28,B,audio_call,NA
45,E23,B,audio_call,0
45,E26,B,audio_call,0
45,E34,B,audio_call,1
46,E03,B,audio_call,1
46,E13,B,audio_call,1
46,E24,B,audio_call,1
46,E36,B,audio_call,1
47,E01,B,audio_call,0
47,E10,B,audio_call,1
47,E15,B,audio_call,0
47,E23,B,audio_call,1
47,E26,B,audio_call,1
47,E34,B,audio_call,1
48,E02,B,audio_call,0
48,E12,B,audio_call,1
48,E17,B,audio_call,1
48,E21,B,audio_call,0
48,E28,B,audio_call,1
48,E32,B,audio_call,1
49,E04,B,audio_call,0
49,E09,B,audio_call,1
49,E18,B,audio_call,1
49,E27,B,audio_call,1
49,E31,B,audio_call,1
50,E03,B,audio_call,1
50,E08,B,audio_call,0
50,E13,B,audio_call,1
50,E24,B,audio_call,1
50,E25,B,audio_call,1
50,E36,B,audio_call,1
51,E06,B,audio_call,1
51,E11,B,audio_call,1
51,E14,B,audio_call,1
51,E19,B,audio_call,1
51,E30,B,audio_call,1
51,E35,B,audio_call,1
52,E08,B,audio_call,0
52,E13,B,audio_call,0
52,E24,B,audio_call,1
52,E25,B,audio_call,1
52,E36,B,audio_call,0
53,E05,B,audio_call,1
53,E07,B,audio_call,0
53,E16,B,audio_call,NA
53,E20,B,audio_call,1
32,E33,B,audio_call,NA
53,E29,B,audio_call,1
53,E33,B,audio_call,1
54,E04,B,audio_call,0
54,E09,B,audio_call,0
54,E18,B,audio_call,1
54,E22,B,audio_call,1
54,E27,B,audio_call,0
54,E31,B,audio_call,1
55,E06,B,audio_call,0
55,E11,B,audio_call,1
55,E14,B,audio_call,0
55,E19,B,audio_call,0
55,E30,B,audio_call,0
55,E35,B,audio_call,0
56,E02,B,audio_call,0
56,E12,B,audio_call,1
56,E17,B,audio_call,0
56,E21,B,audio_call,1
56,E32,B,audio_call,1
57,E08,B,audio_call,1
57,E13,B,audio_call,0
57,E24,B,audio_call,1
57,E25,B,audio_call,1
57,E36,B,audio_call,1
24,E36,B,audio_call,NA
38,E36,B,audio_call,NA
58,E08,B,audio_call,1
58,E13,B,audio_call,1
58,E24,B,audio_call,1
58,E25,B,audio_call,1
58,E36,B,audio_call,1
59,E01,B,audio_call,NA
59,E10,B,audio_call,NA
59,E15,B,audio_call,0
59,E23,B,audio_call,0
59,E26,B,audio_call,NA
59,E34,B,audio_call,1
60,E05,B,audio_call,0
60,E07,B,audio_call,1
60,E16,B,audio_call,NA
60,E20,B,audio_call,0
60,E29,B,audio_call,0
60,E33,B,audio_call,1
61,E01,B,audio_call,0
61,E10,B,audio_call,0
61,E15,B,audio_call,0
61,E23,B,audio_call,0
61,E26,B,audio_call,0
61,E34,B,audio_call,0
62,E05,B,audio_call,NA
62,E07,B,audio_call,0
62,E16,B,audio_call,NA
62,E20,B,audio_call,1
62,E29,B,audio_call,0
62,E33,B,audio_call,1
63,E02,B,audio_call,0
63,E12,B,audio_call,0
63,E17,B,audio_call,1
63,E21,B,audio_call,0
63,E28,B,audio_call,1
63,E32,B,audio_call,1
64,E06,B,audio_call,0
64,E11,B,audio_call,1
64,E14,B,audio_call,1
64,E19,B,audio_call,1
64,E30,B,audio_call,1
64,E35,B,audio_call,1
65,E05,B,audio_call,NA
65,E07,B,audio_call,0
65,E16,B,audio_call,NA
65,E20,B,audio_call,0
65,E29,B,audio_call,1
65,E33,B,audio_call,1
66,E05,B,audio_call,1
66,E07,B,audio_call,0
66,E16,B,audio_call,1
66,E20,B,audio_call,0
66,E29,B,audio_call,0
66,E33,B,audio_call,0
67,E02,B,audio_call,1
67,E12,B,audio_call,0
67,E17,B,audio_call,1
67,E21,B,audio_call,1
67,E28,B,audio_call,1
67,E32,B,audio_call,1
68,E06,B,audio_call,1
68,E11,B,audio_call,1
68,E14,B,audio_call,1
68,E19,B,audio_call,1
68,E30,B,audio_call,1
68,E35,B,audio_call,1
69,E05,B,audio_call,0
69,E07,B,audio_call,0
69,E16,B,audio_call,NA
69,E20,B,audio_call,0
69,E29,B,audio_call,0
69,E33,B,audio_call,1
70,E01,B,audio_call,0
70,E10,B,audio_call,1
70,E15,B,audio_call,1
70,E23,B,audio_call,1
70,E26,B,audio_call,1
70,E34,B,audio_call,1
71,E04,B,audio_call,0
71,E09,B,audio_call,NA
71,E18,B,audio_call,0
71,E22,B,audio_call,0
71,E27,B,audio_call,1
71,E31,B,audio_call,1
72,E06,B,audio_call,0
72,E11,B,audio_call,1
72,E14,B,audio_call,0
72,E19,B,audio_call,1
72,E30,B,audio_call,0
72,E35,B,audio_call,0
1,E04,A,video_call,0
1,E09,A,video_call,0
1,E18,A,video_call,1
1,E22,A,video_call,0
1,E27,A,video_call,0
1,E31,A,video_call,0
2,E01,A,video_call,1
2,E10,A,video_call,1
2,E15,A,video_call,1
2,E23,A,video_call,1
2,E26,A,video_call,1
2,E34,A,video_call,1
3,E05,A,video_call,1
3,E07,A,video_call,NA
3,E16,A,video_call,1
3,E20,A,video_call,1
3,E29,A,video_call,1
3,E33,A,video_call,1
4,E03,A,video_call,1
4,E08,A,video_call,1
4,E13,A,video_call,1
4,E24,A,video_call,1
4,E25,A,video_call,1
4,E36,A,video_call,1
5,E02,A,video_call,1
5,E12,A,video_call,1
5,E17,A,video_call,1
5,E21,A,video_call,1
5,E28,A,video_call,0
5,E32,A,video_call,1
6,E06,A,video_call,0
6,E11,A,video_call,1
6,E14,A,video_call,NA
6,E19,A,video_call,1
6,E30,A,video_call,1
6,E35,A,video_call,1
7,E03,A,video_call,0
7,E08,A,video_call,0
7,E13,A,video_call,0
7,E24,A,video_call,0
7,E25,A,video_call,0
7,E36,A,video_call,1
8,E06,A,video_call,1
8,E11,A,video_call,1
8,E14,A,video_call,0
8,E19,A,video_call,0
8,E30,A,video_call,0
8,E35,A,video_call,0
9,E04,A,video_call,1
24,E02,A,video_call,NA
9,E09,A,video_call,1
38,E02,A,video_call,NA
9,E22,A,video_call,1
9,E27,A,video_call,1
9,E31,A,video_call,1
10,E03,A,video_call,0
10,E08,A,video_call,0
10,E13,A,video_call,0
10,E24,A,video_call,0
10,E25,A,video_call,0
10,E36,A,video_call,0
11,E01,A,video_call,0
11,E10,A,video_call,1
11,E15,A,video_call,0
11,E23,A,video_call,1
11,E26,A,video_call,0
11,E34,A,video_call,1
12,E02,A,video_call,1
12,E12,A,video_call,NA
12,E17,A,video_call,0
12,E21,A,video_call,0
12,E28,A,video_call,1
12,E32,A,video_call,1
13,E05,A,video_call,0
13,E07,A,video_call,0
13,E16,A,video_call,1
13,E20,A,video_call,0
13,E29,A,video_call,0
13,E33,A,video_call,1
14,E04,A,video_call,0
14,E09,A,video_call,0
14,E18,A,video_call,1
14,E22,A,video_call,0
14,E27,A,video_call,0
14,E31,A,video_call,0
15,E04,A,video_call,1
15,E09,A,video_call,1
15,E18,A,video_call,1
15,E22,A,video_call,0
15,E27,A,video_call,1
15,E31,A,video_call,1
16,E02,A,video_call,0
16,E12,A,video_call,1
16,E17,A,video_call,0
16,E21,A,video_call,1
16,E28,A,video_call,1
16,E32,A,video_call,1
17,E03,A,video_call,1
17,E08,A,video_call,0
17,E13,A,video_call,1
17,E24,A,video_call,1
17,E25,A,video_call,1
17,E36,A,video_call,1
18,E06,A,video_call,0
18,E11,A,video_call,1
18,E14,A,video_call,0
18,E19,A,video_call,1
18,E30,A,video_call,0
18,E35,A,video_call,0
19,E04,A,video_call,0
19,E09,A,video_call,0
19,E18,A,video_call,0
19,E22,A,video_call,0
19,E27,A,video_call,0
19,E31,A,video_call,0
20,E01,A,video_call,1
20,E10,A,video_call,1
20,E15,A,video_call,1
20,E23,A,video_call,1
20,E26,A,video_call,1
20,E34,A,video_call,1
21,E05,A,video_call,1
21,E07,A,video_call,1
21,E16,A,video_call,1
21,E20,A,video_call,0
21,E29,A,video_call,1
21,E33,A,video_call,1
22,E06,A,video_call,1
22,E11,A,video_call,1
22,E14,A,video_call,1
22,E19,A,video_call,1
22,E30,A,video_call,1
22,E35,A,video_call,1
23,E03,A,video_call,1
23,E08,A,video_call,0
23,E13,A,video_call,0
23,E24,A,video_call,0
23,E25,A,video_call,1
23,E36,A,video_call,1
24,E12,A,video_call,1
59,E04,A,video_call,NA
24,E21,A,video_call,1
43,E05,A,video_call,NA
24,E32,A,video_call,0
25,E05,A,video_call,0
25,E07,A,video_call,0
25,E16,A,video_call,1
25,E20,A,video_call,1
25,E29,A,video_call,1
25,E33,A,video_call,1
49,E08,A,video_call,NA
26,E06,A,video_call,0
26,E11,A,video_call,1
26,E14,A,video_call,0
26,E19,A,video_call,1
26,E30,A,video_call,0
26,E35,A,video_call,0
27,E01,A,video_call,1
27,E10,A,video_call,0
27,E15,A,video_call,0
27,E23,A,video_call,1
27,E26,A,video_call,1
27,E34,A,video_call,1
28,E03,A,video_call,1
28,E08,A,video_call,1
28,E13,A,video_call,1
28,E24,A,video_call,1
28,E36,A,video_call,1
29,E04,A,video_call,0
29,E09,A,video_call,NA
29,E18,A,video_call,1
29,E22,A,video_call,1
29,E27,A,video_call,1
29,E31,A,video_call,0
30,E02,A,video_call,1
30,E17,A,video_call,1
30,E21,A,video_call,1
30,E28,A,video_call,1
30,E32,A,video_call,1
65,E10,A,video_call,NA
31,E04,A,video_call,0
33,E11,A,video_call,NA
31,E09,A,video_call,0
31,E18,A,video_call,0
31,E22,A,video_call,1
31,E27,A,video_call,1
31,E31,A,video_call,1
63,E11,A,video_call,NA
32,E01,A,video_call,NA
32,E10,A,video_call,1
32,E15,A,video_call,0
32,E23,A,video_call,1
32,E26,A,video_call,1
30,E12,A,video_call,NA
32,E34,A,video_call,1
33,E06,A,video_call,0
33,E14,A,video_call,0
33,E19,A,video_call,0
33,E30,A,video_call,0
33,E35,A,video_call,0
34,E02,A,video_call,1
34,E12,A,video_call,1
34,E17,A,video_call,1
34,E21,A,video_call,0
34,E28,A,video_call,1
24,E17,A,video_call,NA
9,E18,A,video_call,NA
61,E18,A,video_call,NA
35,E03,A,video_call,1
35,E08,A,video_call,1
35,E13,A,video_call,1
35,E24,A,video_call,1
35,E25,A,video_call,1
35,E36,A,video_call,1
58,E21,A,video_call,NA
36,E05,A,video_call,1
36,E07,A,video_call,0
36,E16,A,video_call,1
36,E20,A,video_call,1
36,E29,A,video_call,0
36,E33,A,video_call,1
37,E05,A,video_call,1
37,E07,A,video_call,1
37,E16,A,video_call,1
37,E20,A,video_call,0
37,E29,A,video_call,0
37,E33,A,video_call,1
38,E12,A,video_call,0
38,E17,A,video_call,0
38,E21,A,video_call,0
38,E28,A,video_call,0
38,E32,A,video_call,1
39,E03,A,video_call,0
39,E08,A,video_call,0
39,E13,A,video_call,0
39,E24,A,video_call,0
39,E25,A,video_call,0
39,E36,A,video_call,0
40,E01,A,video_call,1
40,E10,A,video_call,1
40,E15,A,video_call,1
40,E23,A,video_call,1
40,E26,A,video_call,1
40,E34,A,video_call,1
41,E06,A,video_call,0
41,E11,A,video_call,0
41,E14,A,video_call,0
41,E19,A,video_call,0
41,E30,A,video_call,1
41,E35,A,video_call,0
42,E06,A,video_call,0
42,E11,A,video_call,1
42,E14,A,video_call,1
42,E19,A,video_call,1
28,E25,A,video_call,NA
53,E26,A,video_call,NA
42,E30,A,video_call,1
42,E35,A,video_call,1
65,E26,A,video_call,NA
43,E07,A,video_call,0
43,E16,A,video_call,NA
43,E20,A,video_call,NA
43,E29,A,video_call,1
43,E33,A,video_call,0
44,E03,A,video_call,1
44,E08,A,video_call,1
44,E13,A,video_call,0
44,E24,A,video_call,0
44,E25,A,video_call,1
44,E36,A,video_call,1
45,E04,A,video_call,0
45,E09,A,video_call,NA
45,E18,A,video_call,0
45,E22,A,video_call,0
45,E27,A,video_call,1
45,E31,A,video_call,NA
46,E02,A,video_call,1
24,E28,A,video_call,NA
46,E12,A,video_call,1
46,E17,A,video_call,1
46,E21,A,video_call,1
46,E28,A,video_call,1
46,E32,A,video_call,1
47,E04,A,video_call,0
47,E09,A,video_call,0
47,E18,A,video_call,1
47,E22,A,video_call,0
47,E27,A,video_call,0
47,E31,A,video_call,1
48,E06,A,video_call,1
48,E11,A,video_call,1
48,E14,A,video_call,1
48,E19,A,video_call,0
48,E30,A,video_call,1
48,E35,A,video_call,1
49,E03,A,video_call,1
49,E13,A,video_call,0
49,E24,A,video_call,1
49,E25,A,video_call,0
49,E36,A,video_call,0
50,E02,A,video_call,1
50,E12,A,video_call,1
50,E17,A,video_call,1
50,E21,A,video_call,0
50,E28,A,video_call,1
50,E32,A,video_call,1
51,E05,A,video_call,NA
51,E07,A,video_call,0
51,E16,A,video_call,1
51,E20,A,video_call,0
51,E29,A,video_call,0
51,E33,A,video_call,1
52,E02,A,video_call,1
70,E31,A,video_call,NA
52,E12,A,video_call,0
52,E17,A,video_call,1
52,E21,A,video_call,0
52,E28,A,video_call,0
52,E32,A,video_call,1
53,E01,A,video_call,0
34,E32,A,video_call,NA
53,E10,A,video_call,0
53,E15,A,video_call,1
53,E23,A,video_call,1
53,E34,A,video_call,1
54,E03,A,video_call,1
54,E08,A,video_call,1
54,E13,A,video_call,0
54,E24,A,video_call,0
54,E25,A,video_call,0
54,E36,A,video_call,1
55,E05,A,video_call,0
55,E07,A,video_call,1
55,E16,A,video_call,0
55,E20,A,video_call,0
55,E29,A,video_call,0
55,E33,A,video_call,0
56,E06,A,video_call,0
56,E11,A,video_call,1
56,E14,A,video_call,1
56,E19,A,video_call,1
56,E30,A,video_call,1
56,E35,A,video_call,1
57,E02,A,video_call,0
57,E12,A,video_call,1
57,E17,A,video_call,1
57,E21,A,video_call,1
57,E28,A,video_call,1
57,E32,A,video_call,0
58,E02,A,video_call,1
71,E36,A,video_call,NA
58,E12,A,video_call,0
58,E17,A,video_call,1
58,E28,A,video_call,1
58,E32,A,video_call,1
59,E09,A,video_call,1
59,E18,A,video_call,0
59,E22,A,video_call,1
59,E27,A,video_call,1
59,E31,A,video_call,1
60,E01,A,video_call,0
60,E10,A,video_call,0
60,E15,A,video_call,0
60,E23,A,video_call,0
60,E26,A,video_call,0
60,E34,A,video_call,0
61,E04,A,video_call,0
61,E09,A,video_call,NA
61,E22,A,video_call,0
61,E27,A,video_call,0
61,E31,A,video_call,0
62,E01,A,video_call,0
62,E10,A,video_call,1
62,E15,A,video_call,0
62,E23,A,video_call,0
62,E26,A,video_call,0
62,E34,A,video_call,1
63,E06,A,video_call,0
63,E14,A,video_call,0
63,E19,A,video_call,1
63,E30,A,video_call,1
63,E35,A,video_call,1
64,E05,A,video_call,1
64,E07,A,video_call,NA
64,E16,A,video_call,NA
64,E20,A,video_call,1
64,E29,A,video_call,1
64,E33,A,video_call,0
65,E01,A,video_call,0
65,E15,A,video_call,1
65,E23,A,video_call,1
65,E34,A,video_call,1
66,E01,A,video_call,0
66,E10,A,video_call,1
66,E15,A,video_call,0
66,E23,A,video_call,0
66,E26,A,video_call,0
66,E34,A,video_call,0
67,E06,A,video_call,0
67,E11,A,video_call,1
67,E14,A,video_call,1
67,E19,A,video_call,1
67,E30,A,video_call,1
67,E35,A,video_call,1
68,E05,A,video_call,1
68,E07,A,video_call,1
68,E16,A,video_call,1
68,E20,A,video_call,1
68,E29,A,video_call,1
68,E33,A,video_call,1
69,E01,A,video_call,0
69,E10,A,video_call,1
69,E15,A,video_call,0
69,E23,A,video_call,1
69,E26,A,video_call,1
69,E34,A,video_call,NA
70,E04,A,video_call,0
70,E09,A,video_call,0
70,E18,A,video_call,1
70,E22,A,video_call,1
70,E27,A,video_call,1
71,E03,A,video_call,1
71,E08,A,video_call,0
71,E13,A,video_call,0
71,E24,A,video_call,1
71,E25,A,video_call,0
72,E05,A,video_call,0
72,E07,A,video_call,0
72,E16,A,video_call,1
72,E20,A,video_call,1
72,E29,A,video_call,0
72,E33,A,video_call,0
1,E03,B,video_call,1
1,E08,B,video_call,NA
1,E13,B,video_call,1
1,E24,B,video_call,0
1,E25,B,video_call,0
1,E36,B,video_call,1
2,E04,B,video_call,1
2,E09,B,video_call,1
2,E18,B,video_call,1
2,E22,B,video_call,1
2,E27,B,video_call,1
2,E31,B,video_call,1
3,E01,B,video_call,1
3,E10,B,video_call,1
3,E15,B,video_call,0
3,E23,B,video_call,1
3,E26,B,video_call,1
3,E34,B,video_call,1
4,E02,B,video_call,1
4,E12,B,video_call,1
4,E17,B,video_call,1
4,E21,B,video_call,1
36,E01,B,video_call,NA
4,E28,B,video_call,1
4,E32,B,video_call,1
5,E06,B,video_call,1
5,E11,B,video_call,1
5,E14,B,video_call,1
5,E19,B,video_call,1
5,E30,B,video_call,1
5,E35,B,video_call,1
6,E05,B,video_call,1
6,E07,B,video_call,0
43,E01,B,video_call,NA
6,E16,B,video_call,1
6,E20,B,video_call,1
6,E29,B,video_call,1
6,E33,B,video_call,1
7,E02,B,video_call,1
7,E12,B,video_call,0
7,E17,B,video_call,1
7,E21,B,video_call,0
7,E28,B,video_call,0
7,E32,B,video_call,1
8,E05,B,video_call,0
8,E07,B,video_call,1
8,E16,B,video_call,1
8,E20,B,video_call,1
8,E29,B,video_call,1
8,E33,B,video_call,1
9,E03,B,video_call,1
9,E13,B,video_call,1
9,E24,B,video_call,0
9,E25,B,video_call,1
35,E02,B,video_call,NA
10,E02,B,video_call,0
10,E12,B,video_call,0
10,E17,B,video_call,0
10,E21,B,video_call,1
10,E28,B,video_call,1
10,E32,B,video_call,0
71,E02,B,video_call,NA
11,E04,B,video_call,0
11,E09,B,video_call,1
11,E18,B,video_call,1
11,E22,B,video_call,1
11,E27,B,video_call,1
11,E31,B,video_call,1
12,E06,B,video_call,0
12,E11,B,video_call,1
12,E14,B,video_call,0
12,E19,B,video_call,0
12,E30,B,video_call,1
12,E35,B,video_call,1
13,E01,B,video_call,0
13,E10,B,video_call,1
13,E15,B,video_call,1
13,E23,B,video_call,1
13,E26,B,video_call,1
13,E34,B,video_call,0
14,E03,B,video_call,0
14,E08,B,video_call,0
14,E13,B,video_call,1
14,E24,B,video_call,1
14,E25,B,video_call,1
14,E36,B,video_call,1
15,E03,B,video_call,1
15,E08,B,video_call,1
15,E13,B,video_call,1
15,E24,B,video_call,1
15,E25,B,video_call,1
15,E36,B,video_call,1
16,E06,B,video_call,1
16,E11,B,video_call,1
16,E14,B,video_call,1
16,E19,B,video_call,1
16,E30,B,video_call,1
16,E35,B,video_call,1
17,E02,B,video_call,0
17,E12,B,video_call,1
17,E17,B,video_call,0
17,E21,B,video_call,1
17,E28,B,video_call,1
17,E32,B,video_call,1
18,E05,B,video_call,1
18,E07,B,video_call,0
18,E20,B,video_call,1
18,E29,B,video_call,1
18,E33,B,video_call,1
19,E03,B,video_call,0
19,E08,B,video_call,0
19,E13,B,video_call,0
19,E24,B,video_call,0
19,E25,B,video_call,0
19,E36,B,video_call,0
20,E04,B,video_call,0
20,E09,B,video_call,1
20,E18,B,video_call,1
20,E22,B,video_call,1
20,E31,B,video_call,1
21,E01,B,video_call,1
21,E10,B,video_call,1
21,E15,B,video_call,1
21,E23,B,video_call,1
21,E26,B,video_call,1
21,E34,B,video_call,1
22,E05,B,video_call,1
22,E07,B,video_call,1
22,E16,B,video_call,1
22,E20,B,video_call,1
22,E29,B,video_call,1
22,E33,B,video_call,1
23,E02,B,video_call,1
23,E12,B,video_call,0
23,E17,B,video_call,0
23,E21,B,video_call,0
23,E28,B,video_call,1
23,E32,B,video_call,1
24,E06,B,video_call,0
24,E11,B,video_call,1
59,E03,B,video_call,NA
61,E03,B,video_call,NA
24,E19,B,video_call,1
24,E30,B,video_call,1
67,E05,B,video_call,NA
24,E35,B,video_call,1
25,E01,B,video_call,NA
25,E10,B,video_call,1
25,E15,B,video_call,0
25,E23,B,video_call,1
25,E26,B,video_call,0
25,E34,B,video_call,0
26,E05,B,video_call,1
26,E07,B,video_call,1
26,E16,B,video_call,NA
26,E20,B,video_call,1
26,E29,B,video_call,0
26,E33,B,video_call,1
27,E04,B,video_call,0
27,E09,B,video_call,1
27,E18,B,video_call,1
27,E22,B,video_call,1
27,E27,B,video_call,1
27,E31,B,video_call,0
9,E08,B,video_call,NA
28,E02,B,video_call,1
28,E12,B,video_call,1
28,E17,B,video_call,1
59,E08,B,video_call,NA
61,E08,B,video_call,NA
28,E28,B,video_call,1
28,E32,B,video_call,1
29,E03,B,video_call,1
29,E08,B,video_call,1
29,E13,B,video_call,0
29,E24,B,video_call,0
29,E25,B,video_call,1
29,E36,B,video_call,0
30,E06,B,video_call,1
30,E11,B,video_call,1
30,E14,B,video_call,1
30,E19,B,video_call,1
30,E30,B,video_call,1
30,E35,B,video_call,1
31,E03,B,video_call,1
31,E08,B,video_call,0
31,E13,B,video_call,0
31,E24,B,video_call,0
31,E25,B,video_call,1
31,E36,B,video_call,1
32,E04,B,video_call,NA
32,E09,B,video_call,1
32,E18,B,video_call,0
32,E22,B,video_call,1
32,E31,B,video_call,1
33,E05,B,video_call,1
33,E07,B,video_call,0
24,E14,B,video_call,NA
33,E16,B,video_call,1
33,E20,B,video_call,1
33,E29,B,video_call,0
33,E33,B,video_call,0
34,E06,B,video_call,1
34,E11,B,video_call,1
34,E14,B,video_call,1
34,E19,B,video_call,1
34,E30,B,video_call,1
18,E16,B,video_call,NA
34,E35,B,video_call,1
35,E12,B,video_call,1
35,E17,B,video_call,1
35,E21,B,video_call,1
35,E28,B,video_call,1
35,E32,B,video_call,1
36,E10,B,video_call,0
36,E15,B,video_call,0
36,E23,B,video_call,1
36,E26,B,video_call,NA
28,E21,B,video_call,NA
36,E34,B,video_call,0
37,E01,B,video_call,0
37,E10,B,video_call,0
37,E15,B,video_call,0
37,E23,B,video_call,1
37,E26,B,video_call,1
37,E34,B,video_call,1
38,E06,B,video_call,0
38,E11,B,video_call,0
38,E14,B,video_call,0
38,E19,B,video_call,0
38,E30,B,video_call,0
38,E35,B,video_call,0
39,E02,B,video_call,0
39,E12,B,video_call,1
39,E17,B,video_call,0
39,E21,B,video_call,0
39,E28,B,video_call,0
39,E32,B,video_call,0
40,E04,B,video_call,1
40,E09,B,video_call,1
40,E18,B,video_call,1
40,E22,B,video_call,1
40,E27,B,video_call,1
40,E31,B,video_call,1
41,E05,B,video_call,1
41,E07,B,video_call,1
41,E16,B,video_call,1
41,E20,B,video_call,1
41,E29,B,video_call,1
41,E33,B,video_call,1
42,E05,B,video_call,0
42,E07,B,video_call,0
42,E16,B,video_call,1
42,E20,B,video_call,1
42,E29,B,video_call,1
42,E33,B,video_call,1
72,E26,B,video_call,NA
43,E10,B,video_call,1
43,E15,B,video_call,1
43,E23,B,video_call,1
43,E26,B,video_call,1
43,E34,B,video_call,1
44,E02,B,video_call,0
44,E12,B,video_call,NA
44,E17,B,video_call,1
44,E21,B,video_call,1
44,E28,B,video_call,0
44,E32,B,video_call,1
45,E03,B,video_call,NA
20,E27,B,video_call,NA
45,E08,B,video_call,1
45,E13,B,video_call,0
32,E27,B,video_call,NA
45,E24,B,video_call,1
45,E25,B,video_call,0
45,E36,B,video_call,0
46,E06,B,video_call,1
46,E11,B,video_call,1
46,E14,B,video_call,1
46,E19,B,video_call,1
46,E30,B,video_call,1
46,E35,B,video_call,1
47,E03,B,video_call,1
47,E08,B,video_call,0
47,E13,B,video_call,0
47,E24,B,video_call,1
47,E25,B,video_call,1
47,E36,B,video_call,1
48,E05,B,video_call,1
48,E07,B,video_call,1
48,E16,B,video_call,1
48,E20,B,video_call,1
48,E29,B,video_call,1
48,E33,B,video_call,1
49,E02,B,video_call,0
57,E30,B,video_call,NA
49,E12,B,video_call,0
49,E17,B,video_call,0
49,E21,B,video_call,1
49,E28,B,video_call,1
49,E32,B,video_call,0
50,E06,B,video_call,1
50,E11,B,video_call,1
50,E14,B,video_call,1
50,E19,B,video_call,1
50,E30,B,video_call,1
50,E35,B,video_call,1
51,E01,B,video_call,1
51,E10,B,video_call,0
51,E15,B,video_call,0
51,E23,B,video_call,1
51,E26,B,video_call,0
52,E06,B,video_call,1
52,E11,B,video_call,1
52,E14,B,video_call,1
52,E19,B,video_call,1
52,E30,B,video_call,1
52,E35,B,video_call,1
53,E04,B,video_call,0
53,E09,B,video_call,1
53,E18,B,video_call,1
53,E22,B,video_call,0
53,E27,B,video_call,1
53,E31,B,video_call,1
54,E02,B,video_call,0
54,E12,B,video_call,1
54,E17,B,video_call,1
54,E21,B,video_call,0
54,E28,B,video_call,1
54,E32,B,video_call,1
55,E01,B,video_call,0
55,E10,B,video_call,1
55,E15,B,video_call,0
55,E23,B,video_call,0
55,E26,B,video_call,0
55,E34,B,video_call,0
56,E05,B,video_call,1
56,E07,B,video_call,1
56,E16,B,video_call,NA
56,E20,B,video_call,1
56,E29,B,video_call,1
56,E33,B,video_call,1
51,E34,B,video_call,NA
57,E06,B,video_call,0
57,E11,B,video_call,1
57,E14,B,video_call,NA
57,E19,B,video_call,1
57,E35,B,video_call,1
58,E06,B,video_call,1
58,E11,B,video_call,1
58,E14,B,video_call,1
58,E19,B,video_call,1
9,E36,B,video_call,NA
61,E36,B,video_call,NA
58,E30,B,video_call,1
58,E35,B,video_call,1
59,E13,B,video_call,1
59,E24,B,video_call,0
59,E25,B,video_call,0
59,E36,B,video_call,1
60,E04,B,video_call,0
60,E09,B,video_call,0
60,E18,B,video_call,0
60,E22,B,video_call,0
60,E27,B,video_call,1
60,E31,B,video_call,1
61,E13,B,video_call,0
61,E24,B,video_call,0
61,E25,B,video_call,0
62,E04,B,video_call,0
62,E09,B,video_call,0
62,E18,B,video_call,1
62,E22,B,video_call,0
62,E27,B,video_call,1
62,E31,B,video_call,1
63,E05,B,video_call,1
63,E07,B,video_call,0
63,E16,B,video_call,1
63,E20,B,video_call,1
63,E29,B,video_call,1
63,E33,B,video_call,1
64,E01,B,video_call,0
64,E10,B,video_call,1
64,E15,B,video_call,1
64,E23,B,video_call,1
64,E26,B,video_call,1
64,E34,B,video_call,1
65,E04,B,video_call,1
65,E09,B,video_call,NA
65,E18,B,video_call,1
65,E22,B,video_call,1
65,E27,B,video_call,1
65,E31,B,video_call,1
66,E04,B,video_call,0
66,E09,B,video_call,0
66,E18,B,video_call,1
66,E22,B,video_call,0
66,E27,B,video_call,0
66,E31,B,video_call,0
67,E07,B,video_call,1
67,E16,B,video_call,1
67,E20,B,video_call,1
67,E29,B,video_call,1
67,E33,B,video_call,1
68,E01,B,video_call,0
68,E10,B,video_call,1
68,E15,B,video_call,1
68,E23,B,video_call,1
68,E26,B,video_call,1
68,E34,B,video_call,1
69,E04,B,video_call,0
69,E09,B,video_call,1
69,E18,B,video_call,1
69,E22,B,video_call,1
69,E27,B,video_call,1
69,E31,B,video_call,1
70,E03,B,video_call,1
70,E08,B,video_call,0
70,E13,B,video_call,1
70,E24,B,video_call,0
70,E25,B,video_call,1
70,E36,B,video_call,1
71,E12,B,video_call,0
71,E17,B,video_call,0
71,E21,B,video_call,0
71,E28,B,video_call,1
71,E32,B,video_call,0
72,E01,B,video_call,1
72,E10,B,video_call,1
72,E15,B,video_call,1
72,E23,B,video_call,1
72,E34,B,video_call,1
